<?xml version="1.0" encoding="utf-16"?>
<ArrayOfProjectInfo xmlns:xsd="http://www.w3.org/2001/XMLSchema" xmlns:xsi="http://www.w3.org/2001/XMLSchema-instance">
  <ProjectInfo>
    <Identity>
      <Id>37AEFE3E1D5FB17EFAF8BCC9B8C49AFC</Id>
      <Version>2</Version>
      <Name>Base64Doc</Name>
    </Identity>
    <Category>
      <Id>626B85EF26C7475CB37985A7B2244963</Id>
      <AutomaticallyPopulate>true</AutomaticallyPopulate>
      <Name>Base64.ai</Name>
      <Description />
    </Category>
    <Name>Base64Doc</Name>
    <Description />
    <Status>Released</Status>
    <LastModifiedProjectFile>2024-05-30T21:45:41.707</LastModifiedProjectFile>
    <LastModifiedProjectFolderZip>0001-01-01T00:00:00</LastModifiedProjectFolderZip>
    <LastModifiedUser>
      <Id>C13E87D165A945399B1E6A40F637B5C1</Id>
      <AutomaticallyPopulate>true</AutomaticallyPopulate>
      <Name />
      <ResourceType>Worker</ResourceType>
      <EmailAddress />
      <UserId />
      <ManagerialLevel>0</ManagerialLevel>
    </LastModifiedUser>
    <OnlineLearningFolderId />
    <ProjectType>ClassificationGroup</ProjectType>
    <IsOnlineLearningEnabled>false</IsOnlineLearningEnabled>
    <IsSeparationEnabled>false</IsSeparationEnabled>
    <LockedByModule>None</LockedByModule>
    <IsSimpleProject>false</IsSimpleProject>
    <TrainingSetPath />
    <UsedLicenseFeatures>None</UsedLicenseFeatures>
    <IsReadOnly>false</IsReadOnly>
    <DoUpgrade>false</DoUpgrade>
    <CustomVersion>0</CustomVersion>
    <IsLimitedToOnlineLearning>false</IsLimitedToOnlineLearning>
    <IsCaptureSolutionProject>false</IsCaptureSolutionProject>
    <QuickClassificationBaseDocTypeId />
    <SourceControlStatus>NotInSourceControl</SourceControlStatus>
  </ProjectInfo>
  <ProjectInfo>
    <Identity>
      <Id>BB1376DAD3502AB1683284C9D02AEA10</Id>
      <Version>2</Version>
      <Name>Base64Doc</Name>
    </Identity>
    <Category>
      <Id>626B85EF26C7475CB37985A7B2244963</Id>
      <AutomaticallyPopulate>true</AutomaticallyPopulate>
      <Name>Base64.ai</Name>
      <Description />
    </Category>
    <Name>Base64Doc</Name>
    <Description />
    <Status>Released</Status>
    <LastModifiedProjectFile>2024-05-30T21:45:41.35</LastModifiedProjectFile>
    <LastModifiedProjectFolderZip>0001-01-01T00:00:00</LastModifiedProjectFolderZip>
    <LastModifiedUser>
      <Id>C13E87D165A945399B1E6A40F637B5C1</Id>
      <AutomaticallyPopulate>true</AutomaticallyPopulate>
      <Name />
      <ResourceType>Worker</ResourceType>
      <EmailAddress />
      <UserId />
      <ManagerialLevel>0</ManagerialLevel>
    </LastModifiedUser>
    <OnlineLearningFolderId />
    <ProjectType>DocumentGroup</ProjectType>
    <IsOnlineLearningEnabled>false</IsOnlineLearningEnabled>
    <IsSeparationEnabled>false</IsSeparationEnabled>
    <LockedByModule>None</LockedByModule>
    <IsSimpleProject>false</IsSimpleProject>
    <TrainingSetPath />
    <UsedLicenseFeatures>None</UsedLicenseFeatures>
    <IsReadOnly>false</IsReadOnly>
    <DoUpgrade>false</DoUpgrade>
    <CustomVersion>0</CustomVersion>
    <IsLimitedToOnlineLearning>false</IsLimitedToOnlineLearning>
    <IsCaptureSolutionProject>false</IsCaptureSolutionProject>
    <QuickClassificationBaseDocTypeId />
    <SourceControlStatus>NotInSourceControl</SourceControlStatus>
  </ProjectInfo>
</ArrayOfProjectInfo>