<?xml version="1.0" encoding="utf-16"?>
<ArrayOfClassificationGroup xmlns:xsd="http://www.w3.org/2001/XMLSchema" xmlns:xsi="http://www.w3.org/2001/XMLSchema-instance">
  <ClassificationGroup>
    <Identity>
      <Id>37AEFE3E1D5FB17EFAF8BCC9B8C49AFC</Id>
      <AutomaticallyPopulate>true</AutomaticallyPopulate>
      <Version>2</Version>
      <Name>Base64Doc</Name>
    </Identity>
    <Name>Base64Doc</Name>
    <Description />
    <Status>Released</Status>
    <IsShared>false</IsShared>
    <Category>
      <Id>626B85EF26C7475CB37985A7B2244963</Id>
      <AutomaticallyPopulate>true</AutomaticallyPopulate>
      <Name>Base64.ai</Name>
      <Description />
    </Category>
    <DocumentGroups>
      <DocumentGroupIdentity>
        <Id>BB1376DAD3502AB1683284C9D02AEA10</Id>
        <AutomaticallyPopulate>true</AutomaticallyPopulate>
        <Version>2</Version>
        <Name>Base64Doc</Name>
      </DocumentGroupIdentity>
    </DocumentGroups>
    <LastModifiedDate>2024-05-30T21:45:41.707</LastModifiedDate>
    <LastModifiedUser>
      <Id>C13E87D165A945399B1E6A40F637B5C1</Id>
      <AutomaticallyPopulate>true</AutomaticallyPopulate>
      <ResourceType>Worker</ResourceType>
      <EmailAddress />
      <UserId />
      <ManagerialLevel>0</ManagerialLevel>
    </LastModifiedUser>
    <LockedByModule>None</LockedByModule>
    <ClassificationOnlineLearningEnabled>false</ClassificationOnlineLearningEnabled>
    <ClassificationMaxDocCount>2000</ClassificationMaxDocCount>
    <ClassificationOnlineLearningFolderId />
    <ResourceAccessTokens>
      <ResourceAccess>
        <ResourceIdentity>
          <Id>7DF43CCDF24611D2804B00104B71BD15</Id>
          <AutomaticallyPopulate>true</AutomaticallyPopulate>
          <Name>Everyone</Name>
          <ResourceType>GroupOfWorkers</ResourceType>
          <EmailAddress />
          <UserId />
          <ManagerialLevel>0</ManagerialLevel>
        </ResourceIdentity>
        <AccessType>MaintenanceAccess</AccessType>
        <PermissionType>FullControl</PermissionType>
      </ResourceAccess>
    </ResourceAccessTokens>
    <ResourcePermissionType>NoAccess</ResourcePermissionType>
    <OverwriteDocumentTypes>false</OverwriteDocumentTypes>
    <OverwrittenDocumentTypes />
  </ClassificationGroup>
</ArrayOfClassificationGroup>