<?xml version="1.0" encoding="utf-16"?>
<ArrayOfDocumentGroup xmlns:xsd="http://www.w3.org/2001/XMLSchema" xmlns:xsi="http://www.w3.org/2001/XMLSchema-instance">
  <DocumentGroup>
    <Identity>
      <Id>BB1376DAD3502AB1683284C9D02AEA10</Id>
      <AutomaticallyPopulate>true</AutomaticallyPopulate>
      <Version>2</Version>
      <Name>Base64Doc</Name>
    </Identity>
    <Name>Base64Doc</Name>
    <Description />
    <Status>Released</Status>
    <IsShared>false</IsShared>
    <Category>
      <Id>626B85EF26C7475CB37985A7B2244963</Id>
      <AutomaticallyPopulate>true</AutomaticallyPopulate>
      <Name>Base64.ai</Name>
      <Description />
    </Category>
    <DocumentTypes>
      <DocumentType>
        <Identity>
          <Id>1794A372D2F2EEE31274E158155C9A8A</Id>
          <Version>2</Version>
          <Name>Document</Name>
        </Identity>
        <Name>Document</Name>
        <Description />
        <Status>Released</Status>
        <FieldGroups />
        <FieldValidators />
        <DocumentTypeValidator>
          <Identity>
            <Id />
            <Name />
          </Identity>
          <DocumentStandardValidator>
            <Identity>
              <Id />
              <Name />
            </Identity>
            <FailureMessage />
            <NumberOfPages>1</NumberOfPages>
            <PageCountLevel>Exactly</PageCountLevel>
          </DocumentStandardValidator>
          <DocumentValidators />
        </DocumentTypeValidator>
        <ParentDocumentType>
          <Id>C09DE045E2616AC38FE53B389CCBA8E3</Id>
          <Version>2</Version>
          <Name />
        </ParentDocumentType>
        <HasStandardValidator>false</HasStandardValidator>
        <PdfSettings>
          <Title />
          <SkipFirstPage>false</SkipFirstPage>
          <Subject />
          <Author />
          <Keywords />
          <Application />
          <Producer />
        </PdfSettings>
        <NameTemplate>[DocumentType]</NameTemplate>
        <OnlineLearningFolderId />
        <AutomaticOnlineLearningEnabled>false</AutomaticOnlineLearningEnabled>
        <Forms>
          <ScanForm>
            <Id />
            <AutomaticallyPopulate>true</AutomaticallyPopulate>
            <Version>0</Version>
          </ScanForm>
          <ValidationForm>
            <Id />
            <AutomaticallyPopulate>true</AutomaticallyPopulate>
            <Version>0</Version>
          </ValidationForm>
          <VerificationForm>
            <Id />
            <AutomaticallyPopulate>true</AutomaticallyPopulate>
            <Version>0</Version>
          </VerificationForm>
          <DocumentReviewForm>
            <Id />
            <AutomaticallyPopulate>true</AutomaticallyPopulate>
            <Version>0</Version>
          </DocumentReviewForm>
        </Forms>
        <AvailableForManualClassification>true</AvailableForManualClassification>
        <TableFieldExportDelimiter>;</TableFieldExportDelimiter>
        <TemplateImage>
          <Id />
          <Name />
          <AssetType>Image</AssetType>
          <AutomaticallyPopulate>true</AutomaticallyPopulate>
          <StorageId>0</StorageId>
        </TemplateImage>
        <IsTemplateImageOverriden>false</IsTemplateImageOverriden>
        <MonitorForClassificationOnlineLearning>false</MonitorForClassificationOnlineLearning>
        <PostValidationHandler>
          <IsPostValidationHandlingEnabled>false</IsPostValidationHandlingEnabled>
          <ProcessIdentity>
            <Id />
            <AutomaticallyPopulate>true</AutomaticallyPopulate>
            <Version>0</Version>
            <Name />
          </ProcessIdentity>
        </PostValidationHandler>
        <IsPartial>false</IsPartial>
      </DocumentType>
      <DocumentType>
        <Identity>
          <Id>5AEF86ED1B0110EA8FD206338FBA999A</Id>
          <Version>2</Version>
          <Name>Table</Name>
        </Identity>
        <Name>Table</Name>
        <Description />
        <Status>Released</Status>
        <FieldGroups>
          <FieldGroup>
            <Identity>
              <Id>8DEA09B4391D466F48F95E4EFB176D96</Id>
            </Identity>
            <Name>NewFieldGroup1</Name>
            <Fields>
              <CaptureField xsi:type="SimpleField">
                <Identity>
                  <Id>BAC186BC24433680012F809BC53439FF</Id>
                  <Name />
                </Identity>
                <Name>t</Name>
                <DisplayName>t</DisplayName>
                <Description />
                <FieldType>Text</FieldType>
                <Validators />
                <Verification>
                  <IsVerificationDisplayField>false</IsVerificationDisplayField>
                  <VerificationMode>Confirm</VerificationMode>
                  <CanChangeFieldValue>true</CanChangeFieldValue>
                  <ShowFieldValueIfNoMatch>false</ShowFieldValueIfNoMatch>
                </Verification>
                <IsInherited>false</IsInherited>
                <RequireManualFieldConfirmation>false</RequireManualFieldConfirmation>
                <AlwaysValid>false</AlwaysValid>
                <IsOverridden>false</IsOverridden>
                <IsFormatterOverridden>false</IsFormatterOverridden>
                <MonitorForAutomaticOnlineLearning>false</MonitorForAutomaticOnlineLearning>
                <Editable>false</Editable>
                <IsOptional>false</IsOptional>
                <FormatterInputs />
                <FieldGroupName />
                <FieldGroupId />
                <ExcludeFromAnalytics>false</ExcludeFromAnalytics>
                <AllFieldChanges>false</AllFieldChanges>
                <MaskValueInAnalytics>false</MaskValueInAnalytics>
                <MaskImageForHiddenField>false</MaskImageForHiddenField>
                <IsPredefinedColumn>false</IsPredefinedColumn>
                <DefaultValue xsi:type="xsd:string" />
                <ChoiceItemsSource />
                <Lookup />
                <IsDefaultValueOverridden>false</IsDefaultValueOverridden>
                <ValidateValueAgainstChoiceValues>false</ValidateValueAgainstChoiceValues>
              </CaptureField>
            </Fields>
            <ResourceACL>
              <ResourceIdentity>
                <Id>7DF43CCDF24611D2804B00104B71BD15</Id>
                <AutomaticallyPopulate>true</AutomaticallyPopulate>
                <Name>Everyone</Name>
                <ResourceType>GroupOfWorkers</ResourceType>
                <EmailAddress />
                <UserId />
                <ManagerialLevel>0</ManagerialLevel>
              </ResourceIdentity>
            </ResourceACL>
            <ImageRedactionZones />
            <IsInherited>false</IsInherited>
            <MaskImageForHiddenFields>false</MaskImageForHiddenFields>
          </FieldGroup>
        </FieldGroups>
        <FieldValidators />
        <DocumentTypeValidator>
          <Identity>
            <Id />
            <Name />
          </Identity>
          <DocumentStandardValidator>
            <Identity>
              <Id />
              <Name />
            </Identity>
            <FailureMessage />
            <NumberOfPages>1</NumberOfPages>
            <PageCountLevel>Exactly</PageCountLevel>
          </DocumentStandardValidator>
          <DocumentValidators />
        </DocumentTypeValidator>
        <ParentDocumentType>
          <Id>1794A372D2F2EEE31274E158155C9A8A</Id>
          <Version>2</Version>
          <Name />
        </ParentDocumentType>
        <HasStandardValidator>false</HasStandardValidator>
        <PdfSettings>
          <Title />
          <SkipFirstPage>false</SkipFirstPage>
          <Subject />
          <Author />
          <Keywords />
          <Application />
          <Producer />
        </PdfSettings>
        <NameTemplate>[DocumentType]</NameTemplate>
        <OnlineLearningFolderId />
        <AutomaticOnlineLearningEnabled>false</AutomaticOnlineLearningEnabled>
        <Forms>
          <ScanForm>
            <Id />
            <AutomaticallyPopulate>true</AutomaticallyPopulate>
            <Version>0</Version>
          </ScanForm>
          <ValidationForm>
            <Id />
            <AutomaticallyPopulate>true</AutomaticallyPopulate>
            <Version>0</Version>
          </ValidationForm>
          <VerificationForm>
            <Id />
            <AutomaticallyPopulate>true</AutomaticallyPopulate>
            <Version>0</Version>
          </VerificationForm>
          <DocumentReviewForm>
            <Id />
            <AutomaticallyPopulate>true</AutomaticallyPopulate>
            <Version>0</Version>
          </DocumentReviewForm>
        </Forms>
        <AvailableForManualClassification>true</AvailableForManualClassification>
        <TableFieldExportDelimiter>;</TableFieldExportDelimiter>
        <IsTemplateImageOverriden>false</IsTemplateImageOverriden>
        <MonitorForClassificationOnlineLearning>false</MonitorForClassificationOnlineLearning>
        <PostValidationHandler>
          <IsPostValidationHandlingEnabled>false</IsPostValidationHandlingEnabled>
          <ProcessIdentity>
            <Id />
            <AutomaticallyPopulate>true</AutomaticallyPopulate>
            <Version>0</Version>
            <Name />
          </ProcessIdentity>
        </PostValidationHandler>
        <IsPartial>false</IsPartial>
      </DocumentType>
      <DocumentType>
        <Identity>
          <Id>6914222361E941918B9198E93983FC52</Id>
          <Version>2</Version>
          <Name>KeyValues</Name>
        </Identity>
        <Name>KeyValues</Name>
        <Description />
        <Status>Released</Status>
        <FieldGroups />
        <FieldValidators />
        <DocumentTypeValidator>
          <Identity>
            <Id />
            <Name />
          </Identity>
          <DocumentStandardValidator>
            <Identity>
              <Id />
              <Name />
            </Identity>
            <FailureMessage />
            <NumberOfPages>1</NumberOfPages>
            <PageCountLevel>Exactly</PageCountLevel>
          </DocumentStandardValidator>
          <DocumentValidators />
        </DocumentTypeValidator>
        <ParentDocumentType>
          <Id>1794A372D2F2EEE31274E158155C9A8A</Id>
          <Version>2</Version>
          <Name />
        </ParentDocumentType>
        <HasStandardValidator>false</HasStandardValidator>
        <PdfSettings>
          <Title />
          <SkipFirstPage>false</SkipFirstPage>
          <Subject />
          <Author />
          <Keywords />
          <Application />
          <Producer />
        </PdfSettings>
        <NameTemplate>[DocumentType]</NameTemplate>
        <OnlineLearningFolderId />
        <AutomaticOnlineLearningEnabled>false</AutomaticOnlineLearningEnabled>
        <Forms>
          <ScanForm>
            <Id />
            <AutomaticallyPopulate>true</AutomaticallyPopulate>
            <Version>0</Version>
          </ScanForm>
          <ValidationForm>
            <Id />
            <AutomaticallyPopulate>true</AutomaticallyPopulate>
            <Version>0</Version>
          </ValidationForm>
          <VerificationForm>
            <Id />
            <AutomaticallyPopulate>true</AutomaticallyPopulate>
            <Version>0</Version>
          </VerificationForm>
          <DocumentReviewForm>
            <Id />
            <AutomaticallyPopulate>true</AutomaticallyPopulate>
            <Version>0</Version>
          </DocumentReviewForm>
        </Forms>
        <AvailableForManualClassification>true</AvailableForManualClassification>
        <TableFieldExportDelimiter>;</TableFieldExportDelimiter>
        <IsTemplateImageOverriden>false</IsTemplateImageOverriden>
        <MonitorForClassificationOnlineLearning>false</MonitorForClassificationOnlineLearning>
        <PostValidationHandler>
          <IsPostValidationHandlingEnabled>false</IsPostValidationHandlingEnabled>
          <ProcessIdentity>
            <Id />
            <AutomaticallyPopulate>true</AutomaticallyPopulate>
            <Version>0</Version>
            <Name />
          </ProcessIdentity>
        </PostValidationHandler>
        <IsPartial>false</IsPartial>
      </DocumentType>
      <DocumentType>
        <Identity>
          <Id>C09DE045E2616AC38FE53B389CCBA8E3</Id>
          <Version>2</Version>
          <Name />
        </Identity>
        <Name />
        <Description />
        <Status>Released</Status>
        <FieldGroups />
        <FieldValidators />
        <DocumentTypeValidator>
          <Identity>
            <Id />
            <Name />
          </Identity>
          <DocumentStandardValidator>
            <Identity>
              <Id />
              <Name />
            </Identity>
            <FailureMessage />
            <NumberOfPages>1</NumberOfPages>
            <PageCountLevel>Exactly</PageCountLevel>
          </DocumentStandardValidator>
          <DocumentValidators />
        </DocumentTypeValidator>
        <HasStandardValidator>false</HasStandardValidator>
        <PdfSettings>
          <Title />
          <SkipFirstPage>false</SkipFirstPage>
          <Subject />
          <Author />
          <Keywords />
          <Application />
          <Producer />
        </PdfSettings>
        <NameTemplate>[DocumentType]</NameTemplate>
        <OnlineLearningFolderId />
        <AutomaticOnlineLearningEnabled>false</AutomaticOnlineLearningEnabled>
        <Forms>
          <ScanForm>
            <Id />
            <AutomaticallyPopulate>true</AutomaticallyPopulate>
            <Version>0</Version>
          </ScanForm>
          <ValidationForm>
            <Id />
            <AutomaticallyPopulate>true</AutomaticallyPopulate>
            <Version>0</Version>
          </ValidationForm>
          <VerificationForm>
            <Id />
            <AutomaticallyPopulate>true</AutomaticallyPopulate>
            <Version>0</Version>
          </VerificationForm>
          <DocumentReviewForm>
            <Id />
            <AutomaticallyPopulate>true</AutomaticallyPopulate>
            <Version>0</Version>
          </DocumentReviewForm>
        </Forms>
        <AvailableForManualClassification>true</AvailableForManualClassification>
        <TableFieldExportDelimiter>;</TableFieldExportDelimiter>
        <TemplateImage>
          <Id />
          <Name />
          <AssetType>Image</AssetType>
          <AutomaticallyPopulate>true</AutomaticallyPopulate>
          <StorageId>0</StorageId>
        </TemplateImage>
        <IsTemplateImageOverriden>false</IsTemplateImageOverriden>
        <MonitorForClassificationOnlineLearning>false</MonitorForClassificationOnlineLearning>
        <PostValidationHandler>
          <IsPostValidationHandlingEnabled>false</IsPostValidationHandlingEnabled>
          <ProcessIdentity>
            <Id />
            <AutomaticallyPopulate>true</AutomaticallyPopulate>
            <Version>0</Version>
            <Name />
          </ProcessIdentity>
        </PostValidationHandler>
        <IsPartial>false</IsPartial>
      </DocumentType>
      <DocumentType>
        <Identity>
          <Id>D1CFC0287EDBDED70E638844FA6BE03C</Id>
          <Version>2</Version>
          <Name>AZL</Name>
        </Identity>
        <Name>AZL</Name>
        <Description />
        <Status>Released</Status>
        <FieldGroups>
          <FieldGroup>
            <Identity>
              <Id>F19894C67B804A82DCFDCA9B1598166D</Id>
            </Identity>
            <Name>NewFieldGroup1</Name>
            <Fields>
              <CaptureField xsi:type="SimpleField">
                <Identity>
                  <Id>221AE796DCE77160A910A1B581DAA2F5</Id>
                  <Name />
                </Identity>
                <Name>t</Name>
                <DisplayName>t</DisplayName>
                <Description />
                <FieldType>Text</FieldType>
                <Validators />
                <Formatter>
                  <Id />
                  <Name />
                </Formatter>
                <Verification>
                  <IsVerificationDisplayField>false</IsVerificationDisplayField>
                  <VerificationMode>Confirm</VerificationMode>
                  <CanChangeFieldValue>true</CanChangeFieldValue>
                  <ShowFieldValueIfNoMatch>false</ShowFieldValueIfNoMatch>
                </Verification>
                <IsInherited>false</IsInherited>
                <RequireManualFieldConfirmation>false</RequireManualFieldConfirmation>
                <AlwaysValid>false</AlwaysValid>
                <IsOverridden>false</IsOverridden>
                <IsFormatterOverridden>false</IsFormatterOverridden>
                <MonitorForAutomaticOnlineLearning>false</MonitorForAutomaticOnlineLearning>
                <Editable>false</Editable>
                <IsOptional>false</IsOptional>
                <FormatterInputs />
                <FieldGroupName />
                <FieldGroupId />
                <ExcludeFromAnalytics>false</ExcludeFromAnalytics>
                <AllFieldChanges>false</AllFieldChanges>
                <MaskValueInAnalytics>false</MaskValueInAnalytics>
                <MaskImageForHiddenField>false</MaskImageForHiddenField>
                <IsPredefinedColumn>false</IsPredefinedColumn>
                <DefaultValue xsi:type="xsd:string" />
                <ChoiceItemsSource />
                <Lookup />
                <IsDefaultValueOverridden>false</IsDefaultValueOverridden>
                <ValidateValueAgainstChoiceValues>false</ValidateValueAgainstChoiceValues>
              </CaptureField>
            </Fields>
            <ResourceACL>
              <ResourceIdentity>
                <Id>7DF43CCDF24611D2804B00104B71BD15</Id>
                <AutomaticallyPopulate>true</AutomaticallyPopulate>
                <Name>Everyone</Name>
                <ResourceType>GroupOfWorkers</ResourceType>
                <EmailAddress />
                <UserId />
                <ManagerialLevel>0</ManagerialLevel>
              </ResourceIdentity>
            </ResourceACL>
            <ImageRedactionZones />
            <IsInherited>false</IsInherited>
            <MaskImageForHiddenFields>false</MaskImageForHiddenFields>
          </FieldGroup>
        </FieldGroups>
        <FieldValidators />
        <DocumentTypeValidator>
          <Identity>
            <Id />
            <Name />
          </Identity>
          <DocumentStandardValidator>
            <Identity>
              <Id />
              <Name />
            </Identity>
            <FailureMessage />
            <NumberOfPages>1</NumberOfPages>
            <PageCountLevel>Exactly</PageCountLevel>
          </DocumentStandardValidator>
          <DocumentValidators />
        </DocumentTypeValidator>
        <ParentDocumentType>
          <Id>1794A372D2F2EEE31274E158155C9A8A</Id>
          <Version>2</Version>
          <Name />
        </ParentDocumentType>
        <HasStandardValidator>false</HasStandardValidator>
        <PdfSettings>
          <Title />
          <SkipFirstPage>false</SkipFirstPage>
          <Subject />
          <Author />
          <Keywords />
          <Application />
          <Producer />
        </PdfSettings>
        <NameTemplate>[DocumentType]</NameTemplate>
        <OnlineLearningFolderId />
        <AutomaticOnlineLearningEnabled>false</AutomaticOnlineLearningEnabled>
        <Forms>
          <ScanForm>
            <Id />
            <AutomaticallyPopulate>true</AutomaticallyPopulate>
            <Version>0</Version>
          </ScanForm>
          <ValidationForm>
            <Id />
            <AutomaticallyPopulate>true</AutomaticallyPopulate>
            <Version>0</Version>
          </ValidationForm>
          <VerificationForm>
            <Id />
            <AutomaticallyPopulate>true</AutomaticallyPopulate>
            <Version>0</Version>
          </VerificationForm>
          <DocumentReviewForm>
            <Id />
            <AutomaticallyPopulate>true</AutomaticallyPopulate>
            <Version>0</Version>
          </DocumentReviewForm>
        </Forms>
        <AvailableForManualClassification>true</AvailableForManualClassification>
        <TableFieldExportDelimiter>;</TableFieldExportDelimiter>
        <IsTemplateImageOverriden>false</IsTemplateImageOverriden>
        <MonitorForClassificationOnlineLearning>false</MonitorForClassificationOnlineLearning>
        <PostValidationHandler>
          <IsPostValidationHandlingEnabled>false</IsPostValidationHandlingEnabled>
          <ProcessIdentity>
            <Id />
            <AutomaticallyPopulate>true</AutomaticallyPopulate>
            <Version>0</Version>
            <Name />
          </ProcessIdentity>
        </PostValidationHandler>
        <IsPartial>false</IsPartial>
      </DocumentType>
    </DocumentTypes>
    <LastModifiedDate>2024-05-30T21:45:41.35</LastModifiedDate>
    <LastModifiedUser>
      <Id>C13E87D165A945399B1E6A40F637B5C1</Id>
      <AutomaticallyPopulate>true</AutomaticallyPopulate>
      <ResourceType>Worker</ResourceType>
      <EmailAddress />
      <UserId />
      <ManagerialLevel>0</ManagerialLevel>
    </LastModifiedUser>
    <LockedByModule>None</LockedByModule>
    <RootDocumentType>
      <Id>C09DE045E2616AC38FE53B389CCBA8E3</Id>
      <Version>2</Version>
      <Name />
    </RootDocumentType>
    <IsOnlineLearningEnabled>false</IsOnlineLearningEnabled>
    <OnlineLearningSettings>
      <OnlineLearningMaxNewSamples>2000</OnlineLearningMaxNewSamples>
      <IsAutomaticOnlineLearningEnabled>false</IsAutomaticOnlineLearningEnabled>
      <OnlineLearningFolderId />
    </OnlineLearningSettings>
    <FuzzyDatabases />
    <ResourceAccessTokens>
      <ResourceAccess>
        <ResourceIdentity>
          <Id>7DF43CCDF24611D2804B00104B71BD15</Id>
          <AutomaticallyPopulate>true</AutomaticallyPopulate>
          <Name>Everyone</Name>
          <ResourceType>GroupOfWorkers</ResourceType>
          <EmailAddress />
          <UserId />
          <ManagerialLevel>0</ManagerialLevel>
        </ResourceIdentity>
        <AccessType>MaintenanceAccess</AccessType>
        <PermissionType>FullControl</PermissionType>
      </ResourceAccess>
    </ResourceAccessTokens>
    <ResourcePermissionType>FullControl</ResourcePermissionType>
    <Comments />
  </DocumentGroup>
</ArrayOfDocumentGroup>