<?xml version="1.0" encoding="utf-16"?>
<ArrayOfCategory xmlns:xsd="http://www.w3.org/2001/XMLSchema" xmlns:xsi="http://www.w3.org/2001/XMLSchema-instance">
  <Category>
    <Identity>
      <Id>626B85EF26C7475CB37985A7B2244963</Id>
      <AutomaticallyPopulate>true</AutomaticallyPopulate>
      <Name>Base64.ai</Name>
      <Description />
    </Identity>
    <Description />
    <ResourceAccessList>
      <ResourceAccess>
        <ResourceIdentity>
          <Id>7DF43CCDF24611D2804B00104B71BD15</Id>
          <AutomaticallyPopulate>true</AutomaticallyPopulate>
          <Name>Everyone</Name>
          <ResourceType>GroupOfWorkers</ResourceType>
          <EmailAddress />
          <UserId />
          <ManagerialLevel>0</ManagerialLevel>
        </ResourceIdentity>
        <AccessType>MaintenanceAccess</AccessType>
        <PermissionType>FullControl</PermissionType>
      </ResourceAccess>
    </ResourceAccessList>
    <LastModifiedDate>2023-08-04T19:25:40.1</LastModifiedDate>
    <LastModifiedUser>C13E87D165A945399B1E6A40F637B5C1</LastModifiedUser>
    <LastModifiedUserName>Rafael Castro</LastModifiedUserName>
  </Category>
  <Category>
    <Identity>
      <Id>E2A1706B60424707B39A1BDDDC8DB69C</Id>
      <AutomaticallyPopulate>true</AutomaticallyPopulate>
      <Name>TotalAgility Forms</Name>
      <Description />
    </Identity>
    <Description />
    <ResourceAccessList>
      <ResourceAccess>
        <ResourceIdentity>
          <Id>3A6B3531C4A94AB481586701D94FC318</Id>
          <AutomaticallyPopulate>true</AutomaticallyPopulate>
          <Name>Administrators</Name>
          <ResourceType>GroupOfWorkers</ResourceType>
          <EmailAddress />
          <UserId />
          <ManagerialLevel>0</ManagerialLevel>
        </ResourceIdentity>
        <AccessType>MaintenanceAccess</AccessType>
        <PermissionType>FullControl</PermissionType>
      </ResourceAccess>
      <ResourceAccess>
        <ResourceIdentity>
          <Id>E3F09A384CF34AA98C1DC030A9FE670A</Id>
          <AutomaticallyPopulate>true</AutomaticallyPopulate>
          <Name>Device Users</Name>
          <ResourceType>GroupOfWorkers</ResourceType>
          <EmailAddress />
          <UserId />
          <ManagerialLevel>0</ManagerialLevel>
        </ResourceIdentity>
        <AccessType>MaintenanceAccess</AccessType>
        <PermissionType>FullControl</PermissionType>
      </ResourceAccess>
      <ResourceAccess>
        <ResourceIdentity>
          <Id>E7E11DA233B643C883814ADAAA11C0E1</Id>
          <AutomaticallyPopulate>true</AutomaticallyPopulate>
          <Name>Designers</Name>
          <ResourceType>GroupOfWorkers</ResourceType>
          <EmailAddress />
          <UserId />
          <ManagerialLevel>0</ManagerialLevel>
        </ResourceIdentity>
        <AccessType>MaintenanceAccess</AccessType>
        <PermissionType>FullControl</PermissionType>
      </ResourceAccess>
    </ResourceAccessList>
    <LastModifiedDate>2024-08-21T15:00:23.423</LastModifiedDate>
    <LastModifiedUser>7DF43CCDF24611D2804B00104B71BD10</LastModifiedUser>
    <LastModifiedUserName>TotalAgility</LastModifiedUserName>
  </Category>
</ArrayOfCategory>